Date_key,Fecha,Mes,Año,Mes_Año,"Fecha +40d"
42005,2015-01-01,enero,2015,1.2015,2015-02-10
42006,2015-01-02,enero,2015,1.2015,2015-02-11
42007,2015-01-03,enero,2015,1.2015,2015-02-12
42008,2015-01-04,enero,2015,1.2015,2015-02-13
42009,2015-01-05,enero,2015,1.2015,2015-02-14
42010,2015-01-06,enero,2015,1.2015,2015-02-15
42011,2015-01-07,enero,2015,1.2015,2015-02-16
42012,2015-01-08,enero,2015,1.2015,2015-02-17
42013,2015-01-09,enero,2015,1.2015,2015-02-18
42014,2015-01-10,enero,2015,1.2015,2015-02-19
42015,2015-01-11,enero,2015,1.2015,2015-02-20
42016,2015-01-12,enero,2015,1.2015,2015-02-21
42017,2015-01-13,enero,2015,1.2015,2015-02-22
42018,2015-01-14,enero,2015,1.2015,2015-02-23
42019,2015-01-15,enero,2015,1.2015,2015-02-24
42020,2015-01-16,enero,2015,1.2015,2015-02-25
42021,2015-01-17,enero,2015,1.2015,2015-02-26
42022,2015-01-18,enero,2015,1.2015,2015-02-27
42023,2015-01-19,enero,2015,1.2015,2015-02-28
42024,2015-01-20,enero,2015,1.2015,2015-03-01
42025,2015-01-21,enero,2015,1.2015,2015-03-02
42026,2015-01-22,enero,2015,1.2015,2015-03-03
42027,2015-01-23,enero,2015,1.2015,2015-03-04
42028,2015-01-24,enero,2015,1.2015,2015-03-05
42029,2015-01-25,enero,2015,1.2015,2015-03-06
42030,2015-01-26,enero,2015,1.2015,2015-03-07
42031,2015-01-27,enero,2015,1.2015,2015-03-08
42032,2015-01-28,enero,2015,1.2015,2015-03-09
42033,2015-01-29,enero,2015,1.2015,2015-03-10
42034,2015-01-30,enero,2015,1.2015,2015-03-11
42035,2015-01-31,enero,2015,1.2015,2015-03-12
42036,2015-02-01,febrero,2015,2.2015,2015-03-13
42037,2015-02-02,febrero,2015,2.2015,2015-03-14
42038,2015-02-03,febrero,2015,2.2015,2015-03-15
42039,2015-02-04,febrero,2015,2.2015,2015-03-16
42040,2015-02-05,febrero,2015,2.2015,2015-03-17
42041,2015-02-06,febrero,2015,2.2015,2015-03-18
42042,2015-02-07,febrero,2015,2.2015,2015-03-19
42043,2015-02-08,febrero,2015,2.2015,2015-03-20
42044,2015-02-09,febrero,2015,2.2015,2015-03-21
42045,2015-02-10,febrero,2015,2.2015,2015-03-22
42046,2015-02-11,febrero,2015,2.2015,2015-03-23
42047,2015-02-12,febrero,2015,2.2015,2015-03-24
42048,2015-02-13,febrero,2015,2.2015,2015-03-25
42049,2015-02-14,febrero,2015,2.2015,2015-03-26
42050,2015-02-15,febrero,2015,2.2015,2015-03-27
42051,2015-02-16,febrero,2015,2.2015,2015-03-28
42052,2015-02-17,febrero,2015,2.2015,2015-03-29
42053,2015-02-18,febrero,2015,2.2015,2015-03-30
42054,2015-02-19,febrero,2015,2.2015,2015-03-31
42055,2015-02-20,febrero,2015,2.2015,2015-04-01
42056,2015-02-21,febrero,2015,2.2015,2015-04-02
42057,2015-02-22,febrero,2015,2.2015,2015-04-03
42058,2015-02-23,febrero,2015,2.2015,2015-04-04
42059,2015-02-24,febrero,2015,2.2015,2015-04-05
42060,2015-02-25,febrero,2015,2.2015,2015-04-06
42061,2015-02-26,febrero,2015,2.2015,2015-04-07
42062,2015-02-27,febrero,2015,2.2015,2015-04-08
42063,2015-02-28,febrero,2015,2.2015,2015-04-09
42064,2015-03-01,marzo,2015,3.2015,2015-04-10
42065,2015-03-02,marzo,2015,3.2015,2015-04-11
42066,2015-03-03,marzo,2015,3.2015,2015-04-12
42067,2015-03-04,marzo,2015,3.2015,2015-04-13
42068,2015-03-05,marzo,2015,3.2015,2015-04-14
42069,2015-03-06,marzo,2015,3.2015,2015-04-15
42070,2015-03-07,marzo,2015,3.2015,2015-04-16
42071,2015-03-08,marzo,2015,3.2015,2015-04-17
42072,2015-03-09,marzo,2015,3.2015,2015-04-18
42073,2015-03-10,marzo,2015,3.2015,2015-04-19
42074,2015-03-11,marzo,2015,3.2015,2015-04-20
42075,2015-03-12,marzo,2015,3.2015,2015-04-21
42076,2015-03-13,marzo,2015,3.2015,2015-04-22
42077,2015-03-14,marzo,2015,3.2015,2015-04-23
42078,2015-03-15,marzo,2015,3.2015,2015-04-24
42079,2015-03-16,marzo,2015,3.2015,2015-04-25
42080,2015-03-17,marzo,2015,3.2015,2015-04-26
42081,2015-03-18,marzo,2015,3.2015,2015-04-27
42082,2015-03-19,marzo,2015,3.2015,2015-04-28
42083,2015-03-20,marzo,2015,3.2015,2015-04-29
42084,2015-03-21,marzo,2015,3.2015,2015-04-30
42085,2015-03-22,marzo,2015,3.2015,2015-05-01
42086,2015-03-23,marzo,2015,3.2015,2015-05-02
42087,2015-03-24,marzo,2015,3.2015,2015-05-03
42088,2015-03-25,marzo,2015,3.2015,2015-05-04
42089,2015-03-26,marzo,2015,3.2015,2015-05-05
42090,2015-03-27,marzo,2015,3.2015,2015-05-06
42091,2015-03-28,marzo,2015,3.2015,2015-05-07
42092,2015-03-29,marzo,2015,3.2015,2015-05-08
42093,2015-03-30,marzo,2015,3.2015,2015-05-09
42094,2015-03-31,marzo,2015,3.2015,2015-05-10
42095,2015-04-01,abril,2015,4.2015,2015-05-11
42096,2015-04-02,abril,2015,4.2015,2015-05-12
42097,2015-04-03,abril,2015,4.2015,2015-05-13
42098,2015-04-04,abril,2015,4.2015,2015-05-14
42099,2015-04-05,abril,2015,4.2015,2015-05-15
42100,2015-04-06,abril,2015,4.2015,2015-05-16
42101,2015-04-07,abril,2015,4.2015,2015-05-17
42102,2015-04-08,abril,2015,4.2015,2015-05-18
42103,2015-04-09,abril,2015,4.2015,2015-05-19
42104,2015-04-10,abril,2015,4.2015,2015-05-20
42105,2015-04-11,abril,2015,4.2015,2015-05-21
42106,2015-04-12,abril,2015,4.2015,2015-05-22
42107,2015-04-13,abril,2015,4.2015,2015-05-23
42108,2015-04-14,abril,2015,4.2015,2015-05-24
42109,2015-04-15,abril,2015,4.2015,2015-05-25
42110,2015-04-16,abril,2015,4.2015,2015-05-26
42111,2015-04-17,abril,2015,4.2015,2015-05-27
42112,2015-04-18,abril,2015,4.2015,2015-05-28
42113,2015-04-19,abril,2015,4.2015,2015-05-29
42114,2015-04-20,abril,2015,4.2015,2015-05-30
42115,2015-04-21,abril,2015,4.2015,2015-05-31
42116,2015-04-22,abril,2015,4.2015,2015-06-01
42117,2015-04-23,abril,2015,4.2015,2015-06-02
42118,2015-04-24,abril,2015,4.2015,2015-06-03
42119,2015-04-25,abril,2015,4.2015,2015-06-04
42120,2015-04-26,abril,2015,4.2015,2015-06-05
42121,2015-04-27,abril,2015,4.2015,2015-06-06
42122,2015-04-28,abril,2015,4.2015,2015-06-07
42123,2015-04-29,abril,2015,4.2015,2015-06-08
42124,2015-04-30,abril,2015,4.2015,2015-06-09
42125,2015-05-01,mayo,2015,5.2015,2015-06-10
42126,2015-05-02,mayo,2015,5.2015,2015-06-11
42127,2015-05-03,mayo,2015,5.2015,2015-06-12
42128,2015-05-04,mayo,2015,5.2015,2015-06-13
42129,2015-05-05,mayo,2015,5.2015,2015-06-14
42130,2015-05-06,mayo,2015,5.2015,2015-06-15
42131,2015-05-07,mayo,2015,5.2015,2015-06-16
42132,2015-05-08,mayo,2015,5.2015,2015-06-17
42133,2015-05-09,mayo,2015,5.2015,2015-06-18
42134,2015-05-10,mayo,2015,5.2015,2015-06-19
42135,2015-05-11,mayo,2015,5.2015,2015-06-20
42136,2015-05-12,mayo,2015,5.2015,2015-06-21
42137,2015-05-13,mayo,2015,5.2015,2015-06-22
42138,2015-05-14,mayo,2015,5.2015,2015-06-23
42139,2015-05-15,mayo,2015,5.2015,2015-06-24
42140,2015-05-16,mayo,2015,5.2015,2015-06-25
42141,2015-05-17,mayo,2015,5.2015,2015-06-26
42142,2015-05-18,mayo,2015,5.2015,2015-06-27
42143,2015-05-19,mayo,2015,5.2015,2015-06-28
42144,2015-05-20,mayo,2015,5.2015,2015-06-29
42145,2015-05-21,mayo,2015,5.2015,2015-06-30
42146,2015-05-22,mayo,2015,5.2015,2015-07-01
42147,2015-05-23,mayo,2015,5.2015,2015-07-02
42148,2015-05-24,mayo,2015,5.2015,2015-07-03
42149,2015-05-25,mayo,2015,5.2015,2015-07-04
42150,2015-05-26,mayo,2015,5.2015,2015-07-05
42151,2015-05-27,mayo,2015,5.2015,2015-07-06
42152,2015-05-28,mayo,2015,5.2015,2015-07-07
42153,2015-05-29,mayo,2015,5.2015,2015-07-08
42154,2015-05-30,mayo,2015,5.2015,2015-07-09
42155,2015-05-31,mayo,2015,5.2015,2015-07-10
42156,2015-06-01,junio,2015,6.2015,2015-07-11
42157,2015-06-02,junio,2015,6.2015,2015-07-12
42158,2015-06-03,junio,2015,6.2015,2015-07-13
42159,2015-06-04,junio,2015,6.2015,2015-07-14
42160,2015-06-05,junio,2015,6.2015,2015-07-15
42161,2015-06-06,junio,2015,6.2015,2015-07-16
42162,2015-06-07,junio,2015,6.2015,2015-07-17
42163,2015-06-08,junio,2015,6.2015,2015-07-18
42164,2015-06-09,junio,2015,6.2015,2015-07-19
42165,2015-06-10,junio,2015,6.2015,2015-07-20
42166,2015-06-11,junio,2015,6.2015,2015-07-21
42167,2015-06-12,junio,2015,6.2015,2015-07-22
42168,2015-06-13,junio,2015,6.2015,2015-07-23
42169,2015-06-14,junio,2015,6.2015,2015-07-24
42170,2015-06-15,junio,2015,6.2015,2015-07-25
42171,2015-06-16,junio,2015,6.2015,2015-07-26
42172,2015-06-17,junio,2015,6.2015,2015-07-27
42173,2015-06-18,junio,2015,6.2015,2015-07-28
42174,2015-06-19,junio,2015,6.2015,2015-07-29
42175,2015-06-20,junio,2015,6.2015,2015-07-30
42176,2015-06-21,junio,2015,6.2015,2015-07-31
42177,2015-06-22,junio,2015,6.2015,2015-08-01
42178,2015-06-23,junio,2015,6.2015,2015-08-02
42179,2015-06-24,junio,2015,6.2015,2015-08-03
42180,2015-06-25,junio,2015,6.2015,2015-08-04
42181,2015-06-26,junio,2015,6.2015,2015-08-05
42182,2015-06-27,junio,2015,6.2015,2015-08-06
42183,2015-06-28,junio,2015,6.2015,2015-08-07
42184,2015-06-29,junio,2015,6.2015,2015-08-08
42185,2015-06-30,junio,2015,6.2015,2015-08-09
42186,2015-07-01,julio,2015,7.2015,2015-08-10
42187,2015-07-02,julio,2015,7.2015,2015-08-11
42188,2015-07-03,julio,2015,7.2015,2015-08-12
42189,2015-07-04,julio,2015,7.2015,2015-08-13
42190,2015-07-05,julio,2015,7.2015,2015-08-14
42191,2015-07-06,julio,2015,7.2015,2015-08-15
42192,2015-07-07,julio,2015,7.2015,2015-08-16
42193,2015-07-08,julio,2015,7.2015,2015-08-17
42194,2015-07-09,julio,2015,7.2015,2015-08-18
42195,2015-07-10,julio,2015,7.2015,2015-08-19
42196,2015-07-11,julio,2015,7.2015,2015-08-20
42197,2015-07-12,julio,2015,7.2015,2015-08-21
42198,2015-07-13,julio,2015,7.2015,2015-08-22
42199,2015-07-14,julio,2015,7.2015,2015-08-23
42200,2015-07-15,julio,2015,7.2015,2015-08-24
42201,2015-07-16,julio,2015,7.2015,2015-08-25
42202,2015-07-17,julio,2015,7.2015,2015-08-26
42203,2015-07-18,julio,2015,7.2015,2015-08-27
42204,2015-07-19,julio,2015,7.2015,2015-08-28
42205,2015-07-20,julio,2015,7.2015,2015-08-29
42206,2015-07-21,julio,2015,7.2015,2015-08-30
42207,2015-07-22,julio,2015,7.2015,2015-08-31
42208,2015-07-23,julio,2015,7.2015,2015-09-01
42209,2015-07-24,julio,2015,7.2015,2015-09-02
42210,2015-07-25,julio,2015,7.2015,2015-09-03
42211,2015-07-26,julio,2015,7.2015,2015-09-04
42212,2015-07-27,julio,2015,7.2015,2015-09-05
42213,2015-07-28,julio,2015,7.2015,2015-09-06
42214,2015-07-29,julio,2015,7.2015,2015-09-07
42215,2015-07-30,julio,2015,7.2015,2015-09-08
42216,2015-07-31,julio,2015,7.2015,2015-09-09
42217,2015-08-01,agosto,2015,8.2015,2015-09-10
42218,2015-08-02,agosto,2015,8.2015,2015-09-11
42219,2015-08-03,agosto,2015,8.2015,2015-09-12
42220,2015-08-04,agosto,2015,8.2015,2015-09-13
42221,2015-08-05,agosto,2015,8.2015,2015-09-14
42222,2015-08-06,agosto,2015,8.2015,2015-09-15
42223,2015-08-07,agosto,2015,8.2015,2015-09-16
42224,2015-08-08,agosto,2015,8.2015,2015-09-17
42225,2015-08-09,agosto,2015,8.2015,2015-09-18
42226,2015-08-10,agosto,2015,8.2015,2015-09-19
42227,2015-08-11,agosto,2015,8.2015,2015-09-20
42228,2015-08-12,agosto,2015,8.2015,2015-09-21
42229,2015-08-13,agosto,2015,8.2015,2015-09-22
42230,2015-08-14,agosto,2015,8.2015,2015-09-23
42231,2015-08-15,agosto,2015,8.2015,2015-09-24
42232,2015-08-16,agosto,2015,8.2015,2015-09-25
42233,2015-08-17,agosto,2015,8.2015,2015-09-26
42234,2015-08-18,agosto,2015,8.2015,2015-09-27
42235,2015-08-19,agosto,2015,8.2015,2015-09-28
42236,2015-08-20,agosto,2015,8.2015,2015-09-29
42237,2015-08-21,agosto,2015,8.2015,2015-09-30
42238,2015-08-22,agosto,2015,8.2015,2015-10-01
42239,2015-08-23,agosto,2015,8.2015,2015-10-02
42240,2015-08-24,agosto,2015,8.2015,2015-10-03
42241,2015-08-25,agosto,2015,8.2015,2015-10-04
42242,2015-08-26,agosto,2015,8.2015,2015-10-05
42243,2015-08-27,agosto,2015,8.2015,2015-10-06
42244,2015-08-28,agosto,2015,8.2015,2015-10-07
42245,2015-08-29,agosto,2015,8.2015,2015-10-08
42246,2015-08-30,agosto,2015,8.2015,2015-10-09
42247,2015-08-31,agosto,2015,8.2015,2015-10-10
42248,2015-09-01,septiembre,2015,9.2015,2015-10-11
42249,2015-09-02,septiembre,2015,9.2015,2015-10-12
42250,2015-09-03,septiembre,2015,9.2015,2015-10-13
42251,2015-09-04,septiembre,2015,9.2015,2015-10-14
42252,2015-09-05,septiembre,2015,9.2015,2015-10-15
42253,2015-09-06,septiembre,2015,9.2015,2015-10-16
42254,2015-09-07,septiembre,2015,9.2015,2015-10-17
42255,2015-09-08,septiembre,2015,9.2015,2015-10-18
42256,2015-09-09,septiembre,2015,9.2015,2015-10-19
42257,2015-09-10,septiembre,2015,9.2015,2015-10-20
42258,2015-09-11,septiembre,2015,9.2015,2015-10-21
42259,2015-09-12,septiembre,2015,9.2015,2015-10-22
42260,2015-09-13,septiembre,2015,9.2015,2015-10-23
42261,2015-09-14,septiembre,2015,9.2015,2015-10-24
42262,2015-09-15,septiembre,2015,9.2015,2015-10-25
42263,2015-09-16,septiembre,2015,9.2015,2015-10-26
42264,2015-09-17,septiembre,2015,9.2015,2015-10-27
42265,2015-09-18,septiembre,2015,9.2015,2015-10-28
42266,2015-09-19,septiembre,2015,9.2015,2015-10-29
42267,2015-09-20,septiembre,2015,9.2015,2015-10-30
42268,2015-09-21,septiembre,2015,9.2015,2015-10-31
42269,2015-09-22,septiembre,2015,9.2015,2015-11-01
42270,2015-09-23,septiembre,2015,9.2015,2015-11-02
42271,2015-09-24,septiembre,2015,9.2015,2015-11-03
42272,2015-09-25,septiembre,2015,9.2015,2015-11-04
42273,2015-09-26,septiembre,2015,9.2015,2015-11-05
42274,2015-09-27,septiembre,2015,9.2015,2015-11-06
42275,2015-09-28,septiembre,2015,9.2015,2015-11-07
42276,2015-09-29,septiembre,2015,9.2015,2015-11-08
42277,2015-09-30,septiembre,2015,9.2015,2015-11-09
42278,2015-10-01,octubre,2015,10.2015,2015-11-10
42279,2015-10-02,octubre,2015,10.2015,2015-11-11
42280,2015-10-03,octubre,2015,10.2015,2015-11-12
42281,2015-10-04,octubre,2015,10.2015,2015-11-13
42282,2015-10-05,octubre,2015,10.2015,2015-11-14
42283,2015-10-06,octubre,2015,10.2015,2015-11-15
42284,2015-10-07,octubre,2015,10.2015,2015-11-16
42285,2015-10-08,octubre,2015,10.2015,2015-11-17
42286,2015-10-09,octubre,2015,10.2015,2015-11-18
42287,2015-10-10,octubre,2015,10.2015,2015-11-19
42288,2015-10-11,octubre,2015,10.2015,2015-11-20
42289,2015-10-12,octubre,2015,10.2015,2015-11-21
42290,2015-10-13,octubre,2015,10.2015,2015-11-22
42291,2015-10-14,octubre,2015,10.2015,2015-11-23
42292,2015-10-15,octubre,2015,10.2015,2015-11-24
42293,2015-10-16,octubre,2015,10.2015,2015-11-25
42294,2015-10-17,octubre,2015,10.2015,2015-11-26
42295,2015-10-18,octubre,2015,10.2015,2015-11-27
42296,2015-10-19,octubre,2015,10.2015,2015-11-28
42297,2015-10-20,octubre,2015,10.2015,2015-11-29
42298,2015-10-21,octubre,2015,10.2015,2015-11-30
42299,2015-10-22,octubre,2015,10.2015,2015-12-01
42300,2015-10-23,octubre,2015,10.2015,2015-12-02
42301,2015-10-24,octubre,2015,10.2015,2015-12-03
42302,2015-10-25,octubre,2015,10.2015,2015-12-04
42303,2015-10-26,octubre,2015,10.2015,2015-12-05
42304,2015-10-27,octubre,2015,10.2015,2015-12-06
42305,2015-10-28,octubre,2015,10.2015,2015-12-07
42306,2015-10-29,octubre,2015,10.2015,2015-12-08
42307,2015-10-30,octubre,2015,10.2015,2015-12-09
42308,2015-10-31,octubre,2015,10.2015,2015-12-10
42309,2015-11-01,noviembre,2015,11.2015,2015-12-11
42310,2015-11-02,noviembre,2015,11.2015,2015-12-12
42311,2015-11-03,noviembre,2015,11.2015,2015-12-13
42312,2015-11-04,noviembre,2015,11.2015,2015-12-14
42313,2015-11-05,noviembre,2015,11.2015,2015-12-15
42314,2015-11-06,noviembre,2015,11.2015,2015-12-16
42315,2015-11-07,noviembre,2015,11.2015,2015-12-17
42316,2015-11-08,noviembre,2015,11.2015,2015-12-18
42317,2015-11-09,noviembre,2015,11.2015,2015-12-19
42318,2015-11-10,noviembre,2015,11.2015,2015-12-20
42319,2015-11-11,noviembre,2015,11.2015,2015-12-21
42320,2015-11-12,noviembre,2015,11.2015,2015-12-22
42321,2015-11-13,noviembre,2015,11.2015,2015-12-23
42322,2015-11-14,noviembre,2015,11.2015,2015-12-24
42323,2015-11-15,noviembre,2015,11.2015,2015-12-25
42324,2015-11-16,noviembre,2015,11.2015,2015-12-26
42325,2015-11-17,noviembre,2015,11.2015,2015-12-27
42326,2015-11-18,noviembre,2015,11.2015,2015-12-28
42327,2015-11-19,noviembre,2015,11.2015,2015-12-29
42328,2015-11-20,noviembre,2015,11.2015,2015-12-30
42329,2015-11-21,noviembre,2015,11.2015,2015-12-31
42330,2015-11-22,noviembre,2015,11.2015,2016-01-01
42331,2015-11-23,noviembre,2015,11.2015,2016-01-02
42332,2015-11-24,noviembre,2015,11.2015,2016-01-03
42333,2015-11-25,noviembre,2015,11.2015,2016-01-04
42334,2015-11-26,noviembre,2015,11.2015,2016-01-05
42335,2015-11-27,noviembre,2015,11.2015,2016-01-06
42336,2015-11-28,noviembre,2015,11.2015,2016-01-07
42337,2015-11-29,noviembre,2015,11.2015,2016-01-08
42338,2015-11-30,noviembre,2015,11.2015,2016-01-09
42339,2015-12-01,diciembre,2015,12.2015,2016-01-10
42340,2015-12-02,diciembre,2015,12.2015,2016-01-11
42341,2015-12-03,diciembre,2015,12.2015,2016-01-12
42342,2015-12-04,diciembre,2015,12.2015,2016-01-13
42343,2015-12-05,diciembre,2015,12.2015,2016-01-14
42344,2015-12-06,diciembre,2015,12.2015,2016-01-15
42345,2015-12-07,diciembre,2015,12.2015,2016-01-16
42346,2015-12-08,diciembre,2015,12.2015,2016-01-17
42347,2015-12-09,diciembre,2015,12.2015,2016-01-18
42348,2015-12-10,diciembre,2015,12.2015,2016-01-19
42349,2015-12-11,diciembre,2015,12.2015,2016-01-20
42350,2015-12-12,diciembre,2015,12.2015,2016-01-21
42351,2015-12-13,diciembre,2015,12.2015,2016-01-22
42352,2015-12-14,diciembre,2015,12.2015,2016-01-23
42353,2015-12-15,diciembre,2015,12.2015,2016-01-24
42354,2015-12-16,diciembre,2015,12.2015,2016-01-25
42355,2015-12-17,diciembre,2015,12.2015,2016-01-26
42356,2015-12-18,diciembre,2015,12.2015,2016-01-27
42357,2015-12-19,diciembre,2015,12.2015,2016-01-28
42358,2015-12-20,diciembre,2015,12.2015,2016-01-29
42359,2015-12-21,diciembre,2015,12.2015,2016-01-30
42360,2015-12-22,diciembre,2015,12.2015,2016-01-31
42361,2015-12-23,diciembre,2015,12.2015,2016-02-01
42362,2015-12-24,diciembre,2015,12.2015,2016-02-02
42363,2015-12-25,diciembre,2015,12.2015,2016-02-03
42364,2015-12-26,diciembre,2015,12.2015,2016-02-04
42365,2015-12-27,diciembre,2015,12.2015,2016-02-05
42366,2015-12-28,diciembre,2015,12.2015,2016-02-06
42367,2015-12-29,diciembre,2015,12.2015,2016-02-07
42368,2015-12-30,diciembre,2015,12.2015,2016-02-08
42369,2015-12-31,diciembre,2015,12.2015,2016-02-09
42370,2016-01-01,enero,2016,1.2016,2016-02-10
42371,2016-01-02,enero,2016,1.2016,2016-02-11
42372,2016-01-03,enero,2016,1.2016,2016-02-12
42373,2016-01-04,enero,2016,1.2016,2016-02-13
42374,2016-01-05,enero,2016,1.2016,2016-02-14
42375,2016-01-06,enero,2016,1.2016,2016-02-15
42376,2016-01-07,enero,2016,1.2016,2016-02-16
42377,2016-01-08,enero,2016,1.2016,2016-02-17
42378,2016-01-09,enero,2016,1.2016,2016-02-18
42379,2016-01-10,enero,2016,1.2016,2016-02-19
42380,2016-01-11,enero,2016,1.2016,2016-02-20
42381,2016-01-12,enero,2016,1.2016,2016-02-21
42382,2016-01-13,enero,2016,1.2016,2016-02-22
42383,2016-01-14,enero,2016,1.2016,2016-02-23
42384,2016-01-15,enero,2016,1.2016,2016-02-24
42385,2016-01-16,enero,2016,1.2016,2016-02-25
42386,2016-01-17,enero,2016,1.2016,2016-02-26
42387,2016-01-18,enero,2016,1.2016,2016-02-27
42388,2016-01-19,enero,2016,1.2016,2016-02-28
42389,2016-01-20,enero,2016,1.2016,2016-02-29
42390,2016-01-21,enero,2016,1.2016,2016-03-01
42391,2016-01-22,enero,2016,1.2016,2016-03-02
42392,2016-01-23,enero,2016,1.2016,2016-03-03
42393,2016-01-24,enero,2016,1.2016,2016-03-04
42394,2016-01-25,enero,2016,1.2016,2016-03-05
42395,2016-01-26,enero,2016,1.2016,2016-03-06
42396,2016-01-27,enero,2016,1.2016,2016-03-07
42397,2016-01-28,enero,2016,1.2016,2016-03-08
42398,2016-01-29,enero,2016,1.2016,2016-03-09
42399,2016-01-30,enero,2016,1.2016,2016-03-10
42400,2016-01-31,enero,2016,1.2016,2016-03-11
42401,2016-02-01,febrero,2016,2.2016,2016-03-12
42402,2016-02-02,febrero,2016,2.2016,2016-03-13
42403,2016-02-03,febrero,2016,2.2016,2016-03-14
42404,2016-02-04,febrero,2016,2.2016,2016-03-15
42405,2016-02-05,febrero,2016,2.2016,2016-03-16
42406,2016-02-06,febrero,2016,2.2016,2016-03-17
42407,2016-02-07,febrero,2016,2.2016,2016-03-18
42408,2016-02-08,febrero,2016,2.2016,2016-03-19
42409,2016-02-09,febrero,2016,2.2016,2016-03-20
42410,2016-02-10,febrero,2016,2.2016,2016-03-21
42411,2016-02-11,febrero,2016,2.2016,2016-03-22
42412,2016-02-12,febrero,2016,2.2016,2016-03-23
42413,2016-02-13,febrero,2016,2.2016,2016-03-24
42414,2016-02-14,febrero,2016,2.2016,2016-03-25
42415,2016-02-15,febrero,2016,2.2016,2016-03-26
42416,2016-02-16,febrero,2016,2.2016,2016-03-27
42417,2016-02-17,febrero,2016,2.2016,2016-03-28
42418,2016-02-18,febrero,2016,2.2016,2016-03-29
42419,2016-02-19,febrero,2016,2.2016,2016-03-30
42420,2016-02-20,febrero,2016,2.2016,2016-03-31
42421,2016-02-21,febrero,2016,2.2016,2016-04-01
42422,2016-02-22,febrero,2016,2.2016,2016-04-02
42423,2016-02-23,febrero,2016,2.2016,2016-04-03
42424,2016-02-24,febrero,2016,2.2016,2016-04-04
42425,2016-02-25,febrero,2016,2.2016,2016-04-05
42426,2016-02-26,febrero,2016,2.2016,2016-04-06
42427,2016-02-27,febrero,2016,2.2016,2016-04-07
42428,2016-02-28,febrero,2016,2.2016,2016-04-08
42429,2016-02-29,febrero,2016,2.2016,2016-04-09
42430,2016-03-01,marzo,2016,3.2016,2016-04-10
42431,2016-03-02,marzo,2016,3.2016,2016-04-11
42432,2016-03-03,marzo,2016,3.2016,2016-04-12
42433,2016-03-04,marzo,2016,3.2016,2016-04-13
42434,2016-03-05,marzo,2016,3.2016,2016-04-14
42435,2016-03-06,marzo,2016,3.2016,2016-04-15
42436,2016-03-07,marzo,2016,3.2016,2016-04-16
42437,2016-03-08,marzo,2016,3.2016,2016-04-17
42438,2016-03-09,marzo,2016,3.2016,2016-04-18
42439,2016-03-10,marzo,2016,3.2016,2016-04-19
42440,2016-03-11,marzo,2016,3.2016,2016-04-20
42441,2016-03-12,marzo,2016,3.2016,2016-04-21
42442,2016-03-13,marzo,2016,3.2016,2016-04-22
42443,2016-03-14,marzo,2016,3.2016,2016-04-23
42444,2016-03-15,marzo,2016,3.2016,2016-04-24
42445,2016-03-16,marzo,2016,3.2016,2016-04-25
42446,2016-03-17,marzo,2016,3.2016,2016-04-26
42447,2016-03-18,marzo,2016,3.2016,2016-04-27
42448,2016-03-19,marzo,2016,3.2016,2016-04-28
42449,2016-03-20,marzo,2016,3.2016,2016-04-29
42450,2016-03-21,marzo,2016,3.2016,2016-04-30
42451,2016-03-22,marzo,2016,3.2016,2016-05-01
42452,2016-03-23,marzo,2016,3.2016,2016-05-02
42453,2016-03-24,marzo,2016,3.2016,2016-05-03
42454,2016-03-25,marzo,2016,3.2016,2016-05-04
42455,2016-03-26,marzo,2016,3.2016,2016-05-05
42456,2016-03-27,marzo,2016,3.2016,2016-05-06
42457,2016-03-28,marzo,2016,3.2016,2016-05-07
42458,2016-03-29,marzo,2016,3.2016,2016-05-08
42459,2016-03-30,marzo,2016,3.2016,2016-05-09
42460,2016-03-31,marzo,2016,3.2016,2016-05-10
42461,2016-04-01,abril,2016,4.2016,2016-05-11
42462,2016-04-02,abril,2016,4.2016,2016-05-12
42463,2016-04-03,abril,2016,4.2016,2016-05-13
42464,2016-04-04,abril,2016,4.2016,2016-05-14
42465,2016-04-05,abril,2016,4.2016,2016-05-15
42466,2016-04-06,abril,2016,4.2016,2016-05-16
42467,2016-04-07,abril,2016,4.2016,2016-05-17
42468,2016-04-08,abril,2016,4.2016,2016-05-18
42469,2016-04-09,abril,2016,4.2016,2016-05-19
42470,2016-04-10,abril,2016,4.2016,2016-05-20
42471,2016-04-11,abril,2016,4.2016,2016-05-21
42472,2016-04-12,abril,2016,4.2016,2016-05-22
42473,2016-04-13,abril,2016,4.2016,2016-05-23
42474,2016-04-14,abril,2016,4.2016,2016-05-24
42475,2016-04-15,abril,2016,4.2016,2016-05-25
42476,2016-04-16,abril,2016,4.2016,2016-05-26
42477,2016-04-17,abril,2016,4.2016,2016-05-27
42478,2016-04-18,abril,2016,4.2016,2016-05-28
42479,2016-04-19,abril,2016,4.2016,2016-05-29
42480,2016-04-20,abril,2016,4.2016,2016-05-30
42481,2016-04-21,abril,2016,4.2016,2016-05-31
42482,2016-04-22,abril,2016,4.2016,2016-06-01
42483,2016-04-23,abril,2016,4.2016,2016-06-02
42484,2016-04-24,abril,2016,4.2016,2016-06-03
42485,2016-04-25,abril,2016,4.2016,2016-06-04
42486,2016-04-26,abril,2016,4.2016,2016-06-05
42487,2016-04-27,abril,2016,4.2016,2016-06-06
42488,2016-04-28,abril,2016,4.2016,2016-06-07
42489,2016-04-29,abril,2016,4.2016,2016-06-08
42490,2016-04-30,abril,2016,4.2016,2016-06-09
42491,2016-05-01,mayo,2016,5.2016,2016-06-10
42492,2016-05-02,mayo,2016,5.2016,2016-06-11
42493,2016-05-03,mayo,2016,5.2016,2016-06-12
42494,2016-05-04,mayo,2016,5.2016,2016-06-13
42495,2016-05-05,mayo,2016,5.2016,2016-06-14
42496,2016-05-06,mayo,2016,5.2016,2016-06-15
42497,2016-05-07,mayo,2016,5.2016,2016-06-16
42498,2016-05-08,mayo,2016,5.2016,2016-06-17
42499,2016-05-09,mayo,2016,5.2016,2016-06-18
42500,2016-05-10,mayo,2016,5.2016,2016-06-19
42501,2016-05-11,mayo,2016,5.2016,2016-06-20
42502,2016-05-12,mayo,2016,5.2016,2016-06-21
42503,2016-05-13,mayo,2016,5.2016,2016-06-22
42504,2016-05-14,mayo,2016,5.2016,2016-06-23
42505,2016-05-15,mayo,2016,5.2016,2016-06-24
42506,2016-05-16,mayo,2016,5.2016,2016-06-25
42507,2016-05-17,mayo,2016,5.2016,2016-06-26
42508,2016-05-18,mayo,2016,5.2016,2016-06-27
42509,2016-05-19,mayo,2016,5.2016,2016-06-28
42510,2016-05-20,mayo,2016,5.2016,2016-06-29
42511,2016-05-21,mayo,2016,5.2016,2016-06-30
42512,2016-05-22,mayo,2016,5.2016,2016-07-01
42513,2016-05-23,mayo,2016,5.2016,2016-07-02
42514,2016-05-24,mayo,2016,5.2016,2016-07-03
42515,2016-05-25,mayo,2016,5.2016,2016-07-04
42516,2016-05-26,mayo,2016,5.2016,2016-07-05
42517,2016-05-27,mayo,2016,5.2016,2016-07-06
42518,2016-05-28,mayo,2016,5.2016,2016-07-07
42519,2016-05-29,mayo,2016,5.2016,2016-07-08
42520,2016-05-30,mayo,2016,5.2016,2016-07-09
42521,2016-05-31,mayo,2016,5.2016,2016-07-10
42522,2016-06-01,junio,2016,6.2016,2016-07-11
42523,2016-06-02,junio,2016,6.2016,2016-07-12
42524,2016-06-03,junio,2016,6.2016,2016-07-13
42525,2016-06-04,junio,2016,6.2016,2016-07-14
42526,2016-06-05,junio,2016,6.2016,2016-07-15
42527,2016-06-06,junio,2016,6.2016,2016-07-16
42528,2016-06-07,junio,2016,6.2016,2016-07-17
42529,2016-06-08,junio,2016,6.2016,2016-07-18
42530,2016-06-09,junio,2016,6.2016,2016-07-19
42531,2016-06-10,junio,2016,6.2016,2016-07-20
42532,2016-06-11,junio,2016,6.2016,2016-07-21
42533,2016-06-12,junio,2016,6.2016,2016-07-22
42534,2016-06-13,junio,2016,6.2016,2016-07-23
42535,2016-06-14,junio,2016,6.2016,2016-07-24
42536,2016-06-15,junio,2016,6.2016,2016-07-25
42537,2016-06-16,junio,2016,6.2016,2016-07-26
42538,2016-06-17,junio,2016,6.2016,2016-07-27
42539,2016-06-18,junio,2016,6.2016,2016-07-28
42540,2016-06-19,junio,2016,6.2016,2016-07-29
42541,2016-06-20,junio,2016,6.2016,2016-07-30
42542,2016-06-21,junio,2016,6.2016,2016-07-31
42543,2016-06-22,junio,2016,6.2016,2016-08-01
42544,2016-06-23,junio,2016,6.2016,2016-08-02
42545,2016-06-24,junio,2016,6.2016,2016-08-03
42546,2016-06-25,junio,2016,6.2016,2016-08-04
42547,2016-06-26,junio,2016,6.2016,2016-08-05
42548,2016-06-27,junio,2016,6.2016,2016-08-06
42549,2016-06-28,junio,2016,6.2016,2016-08-07
42550,2016-06-29,junio,2016,6.2016,2016-08-08
42551,2016-06-30,junio,2016,6.2016,2016-08-09
42552,2016-07-01,julio,2016,7.2016,2016-08-10
42553,2016-07-02,julio,2016,7.2016,2016-08-11
42554,2016-07-03,julio,2016,7.2016,2016-08-12
42555,2016-07-04,julio,2016,7.2016,2016-08-13
42556,2016-07-05,julio,2016,7.2016,2016-08-14
42557,2016-07-06,julio,2016,7.2016,2016-08-15
42558,2016-07-07,julio,2016,7.2016,2016-08-16
42559,2016-07-08,julio,2016,7.2016,2016-08-17
42560,2016-07-09,julio,2016,7.2016,2016-08-18
42561,2016-07-10,julio,2016,7.2016,2016-08-19
42562,2016-07-11,julio,2016,7.2016,2016-08-20
42563,2016-07-12,julio,2016,7.2016,2016-08-21
42564,2016-07-13,julio,2016,7.2016,2016-08-22
42565,2016-07-14,julio,2016,7.2016,2016-08-23
42566,2016-07-15,julio,2016,7.2016,2016-08-24
42567,2016-07-16,julio,2016,7.2016,2016-08-25
42568,2016-07-17,julio,2016,7.2016,2016-08-26
42569,2016-07-18,julio,2016,7.2016,2016-08-27
42570,2016-07-19,julio,2016,7.2016,2016-08-28
42571,2016-07-20,julio,2016,7.2016,2016-08-29
42572,2016-07-21,julio,2016,7.2016,2016-08-30
42573,2016-07-22,julio,2016,7.2016,2016-08-31
42574,2016-07-23,julio,2016,7.2016,2016-09-01
42575,2016-07-24,julio,2016,7.2016,2016-09-02
42576,2016-07-25,julio,2016,7.2016,2016-09-03
42577,2016-07-26,julio,2016,7.2016,2016-09-04
42578,2016-07-27,julio,2016,7.2016,2016-09-05
42579,2016-07-28,julio,2016,7.2016,2016-09-06
42580,2016-07-29,julio,2016,7.2016,2016-09-07
42581,2016-07-30,julio,2016,7.2016,2016-09-08
42582,2016-07-31,julio,2016,7.2016,2016-09-09
42583,2016-08-01,agosto,2016,8.2016,2016-09-10
42584,2016-08-02,agosto,2016,8.2016,2016-09-11
42585,2016-08-03,agosto,2016,8.2016,2016-09-12
42586,2016-08-04,agosto,2016,8.2016,2016-09-13
42587,2016-08-05,agosto,2016,8.2016,2016-09-14
42588,2016-08-06,agosto,2016,8.2016,2016-09-15
42589,2016-08-07,agosto,2016,8.2016,2016-09-16
42590,2016-08-08,agosto,2016,8.2016,2016-09-17
42591,2016-08-09,agosto,2016,8.2016,2016-09-18
42592,2016-08-10,agosto,2016,8.2016,2016-09-19
42593,2016-08-11,agosto,2016,8.2016,2016-09-20
42594,2016-08-12,agosto,2016,8.2016,2016-09-21
42595,2016-08-13,agosto,2016,8.2016,2016-09-22
42596,2016-08-14,agosto,2016,8.2016,2016-09-23
42597,2016-08-15,agosto,2016,8.2016,2016-09-24
42598,2016-08-16,agosto,2016,8.2016,2016-09-25
42599,2016-08-17,agosto,2016,8.2016,2016-09-26
42600,2016-08-18,agosto,2016,8.2016,2016-09-27
42601,2016-08-19,agosto,2016,8.2016,2016-09-28
42602,2016-08-20,agosto,2016,8.2016,2016-09-29
42603,2016-08-21,agosto,2016,8.2016,2016-09-30
42604,2016-08-22,agosto,2016,8.2016,2016-10-01
42605,2016-08-23,agosto,2016,8.2016,2016-10-02
42606,2016-08-24,agosto,2016,8.2016,2016-10-03
42607,2016-08-25,agosto,2016,8.2016,2016-10-04
42608,2016-08-26,agosto,2016,8.2016,2016-10-05
42609,2016-08-27,agosto,2016,8.2016,2016-10-06
42610,2016-08-28,agosto,2016,8.2016,2016-10-07
42611,2016-08-29,agosto,2016,8.2016,2016-10-08
42612,2016-08-30,agosto,2016,8.2016,2016-10-09
42613,2016-08-31,agosto,2016,8.2016,2016-10-10
42614,2016-09-01,septiembre,2016,9.2016,2016-10-11
42615,2016-09-02,septiembre,2016,9.2016,2016-10-12
42616,2016-09-03,septiembre,2016,9.2016,2016-10-13
42617,2016-09-04,septiembre,2016,9.2016,2016-10-14
42618,2016-09-05,septiembre,2016,9.2016,2016-10-15
42619,2016-09-06,septiembre,2016,9.2016,2016-10-16
42620,2016-09-07,septiembre,2016,9.2016,2016-10-17
42621,2016-09-08,septiembre,2016,9.2016,2016-10-18
42622,2016-09-09,septiembre,2016,9.2016,2016-10-19
42623,2016-09-10,septiembre,2016,9.2016,2016-10-20
42624,2016-09-11,septiembre,2016,9.2016,2016-10-21
42625,2016-09-12,septiembre,2016,9.2016,2016-10-22
42626,2016-09-13,septiembre,2016,9.2016,2016-10-23
42627,2016-09-14,septiembre,2016,9.2016,2016-10-24
42628,2016-09-15,septiembre,2016,9.2016,2016-10-25
42629,2016-09-16,septiembre,2016,9.2016,2016-10-26
42630,2016-09-17,septiembre,2016,9.2016,2016-10-27
42631,2016-09-18,septiembre,2016,9.2016,2016-10-28
42632,2016-09-19,septiembre,2016,9.2016,2016-10-29
42633,2016-09-20,septiembre,2016,9.2016,2016-10-30
42634,2016-09-21,septiembre,2016,9.2016,2016-10-31
42635,2016-09-22,septiembre,2016,9.2016,2016-11-01
42636,2016-09-23,septiembre,2016,9.2016,2016-11-02
42637,2016-09-24,septiembre,2016,9.2016,2016-11-03
42638,2016-09-25,septiembre,2016,9.2016,2016-11-04
42639,2016-09-26,septiembre,2016,9.2016,2016-11-05
42640,2016-09-27,septiembre,2016,9.2016,2016-11-06
42641,2016-09-28,septiembre,2016,9.2016,2016-11-07
42642,2016-09-29,septiembre,2016,9.2016,2016-11-08
42643,2016-09-30,septiembre,2016,9.2016,2016-11-09
42644,2016-10-01,octubre,2016,10.2016,2016-11-10
42645,2016-10-02,octubre,2016,10.2016,2016-11-11
42646,2016-10-03,octubre,2016,10.2016,2016-11-12
42647,2016-10-04,octubre,2016,10.2016,2016-11-13
42648,2016-10-05,octubre,2016,10.2016,2016-11-14
42649,2016-10-06,octubre,2016,10.2016,2016-11-15
42650,2016-10-07,octubre,2016,10.2016,2016-11-16
42651,2016-10-08,octubre,2016,10.2016,2016-11-17
42652,2016-10-09,octubre,2016,10.2016,2016-11-18
42653,2016-10-10,octubre,2016,10.2016,2016-11-19
42654,2016-10-11,octubre,2016,10.2016,2016-11-20
42655,2016-10-12,octubre,2016,10.2016,2016-11-21
42656,2016-10-13,octubre,2016,10.2016,2016-11-22
42657,2016-10-14,octubre,2016,10.2016,2016-11-23
42658,2016-10-15,octubre,2016,10.2016,2016-11-24
42659,2016-10-16,octubre,2016,10.2016,2016-11-25
42660,2016-10-17,octubre,2016,10.2016,2016-11-26
42661,2016-10-18,octubre,2016,10.2016,2016-11-27
42662,2016-10-19,octubre,2016,10.2016,2016-11-28
42663,2016-10-20,octubre,2016,10.2016,2016-11-29
42664,2016-10-21,octubre,2016,10.2016,2016-11-30
42665,2016-10-22,octubre,2016,10.2016,2016-12-01
42666,2016-10-23,octubre,2016,10.2016,2016-12-02
42667,2016-10-24,octubre,2016,10.2016,2016-12-03
42668,2016-10-25,octubre,2016,10.2016,2016-12-04
42669,2016-10-26,octubre,2016,10.2016,2016-12-05
42670,2016-10-27,octubre,2016,10.2016,2016-12-06
42671,2016-10-28,octubre,2016,10.2016,2016-12-07
42672,2016-10-29,octubre,2016,10.2016,2016-12-08
42673,2016-10-30,octubre,2016,10.2016,2016-12-09
42674,2016-10-31,octubre,2016,10.2016,2016-12-10
42675,2016-11-01,noviembre,2016,11.2016,2016-12-11
42676,2016-11-02,noviembre,2016,11.2016,2016-12-12
42677,2016-11-03,noviembre,2016,11.2016,2016-12-13
42678,2016-11-04,noviembre,2016,11.2016,2016-12-14
42679,2016-11-05,noviembre,2016,11.2016,2016-12-15
42680,2016-11-06,noviembre,2016,11.2016,2016-12-16
42681,2016-11-07,noviembre,2016,11.2016,2016-12-17
42682,2016-11-08,noviembre,2016,11.2016,2016-12-18
42683,2016-11-09,noviembre,2016,11.2016,2016-12-19
42684,2016-11-10,noviembre,2016,11.2016,2016-12-20
42685,2016-11-11,noviembre,2016,11.2016,2016-12-21
42686,2016-11-12,noviembre,2016,11.2016,2016-12-22
42687,2016-11-13,noviembre,2016,11.2016,2016-12-23
42688,2016-11-14,noviembre,2016,11.2016,2016-12-24
42689,2016-11-15,noviembre,2016,11.2016,2016-12-25
42690,2016-11-16,noviembre,2016,11.2016,2016-12-26
42691,2016-11-17,noviembre,2016,11.2016,2016-12-27
42692,2016-11-18,noviembre,2016,11.2016,2016-12-28
42693,2016-11-19,noviembre,2016,11.2016,2016-12-29
42694,2016-11-20,noviembre,2016,11.2016,2016-12-30
42695,2016-11-21,noviembre,2016,11.2016,2016-12-31
42696,2016-11-22,noviembre,2016,11.2016,2017-01-01
42697,2016-11-23,noviembre,2016,11.2016,2017-01-02
42698,2016-11-24,noviembre,2016,11.2016,2017-01-03
42699,2016-11-25,noviembre,2016,11.2016,2017-01-04
42700,2016-11-26,noviembre,2016,11.2016,2017-01-05
42701,2016-11-27,noviembre,2016,11.2016,2017-01-06
42702,2016-11-28,noviembre,2016,11.2016,2017-01-07
42703,2016-11-29,noviembre,2016,11.2016,2017-01-08
42704,2016-11-30,noviembre,2016,11.2016,2017-01-09
42705,2016-12-01,diciembre,2016,12.2016,2017-01-10
42706,2016-12-02,diciembre,2016,12.2016,2017-01-11
42707,2016-12-03,diciembre,2016,12.2016,2017-01-12
42708,2016-12-04,diciembre,2016,12.2016,2017-01-13
42709,2016-12-05,diciembre,2016,12.2016,2017-01-14
42710,2016-12-06,diciembre,2016,12.2016,2017-01-15
42711,2016-12-07,diciembre,2016,12.2016,2017-01-16
42712,2016-12-08,diciembre,2016,12.2016,2017-01-17
42713,2016-12-09,diciembre,2016,12.2016,2017-01-18
42714,2016-12-10,diciembre,2016,12.2016,2017-01-19
42715,2016-12-11,diciembre,2016,12.2016,2017-01-20
42716,2016-12-12,diciembre,2016,12.2016,2017-01-21
42717,2016-12-13,diciembre,2016,12.2016,2017-01-22
42718,2016-12-14,diciembre,2016,12.2016,2017-01-23
42719,2016-12-15,diciembre,2016,12.2016,2017-01-24
42720,2016-12-16,diciembre,2016,12.2016,2017-01-25
42721,2016-12-17,diciembre,2016,12.2016,2017-01-26
42722,2016-12-18,diciembre,2016,12.2016,2017-01-27
42723,2016-12-19,diciembre,2016,12.2016,2017-01-28
42724,2016-12-20,diciembre,2016,12.2016,2017-01-29
42725,2016-12-21,diciembre,2016,12.2016,2017-01-30
42726,2016-12-22,diciembre,2016,12.2016,2017-01-31
42727,2016-12-23,diciembre,2016,12.2016,2017-02-01
42728,2016-12-24,diciembre,2016,12.2016,2017-02-02
42729,2016-12-25,diciembre,2016,12.2016,2017-02-03
42730,2016-12-26,diciembre,2016,12.2016,2017-02-04
42731,2016-12-27,diciembre,2016,12.2016,2017-02-05
42732,2016-12-28,diciembre,2016,12.2016,2017-02-06
42733,2016-12-29,diciembre,2016,12.2016,2017-02-07
42734,2016-12-30,diciembre,2016,12.2016,2017-02-08
42735,2016-12-31,diciembre,2016,12.2016,2017-02-09
42736,2017-01-01,enero,2017,1.2017,2017-02-10
42737,2017-01-02,enero,2017,1.2017,2017-02-11
42738,2017-01-03,enero,2017,1.2017,2017-02-12
42739,2017-01-04,enero,2017,1.2017,2017-02-13
42740,2017-01-05,enero,2017,1.2017,2017-02-14
42741,2017-01-06,enero,2017,1.2017,2017-02-15
42742,2017-01-07,enero,2017,1.2017,2017-02-16
42743,2017-01-08,enero,2017,1.2017,2017-02-17
42744,2017-01-09,enero,2017,1.2017,2017-02-18
42745,2017-01-10,enero,2017,1.2017,2017-02-19
42746,2017-01-11,enero,2017,1.2017,2017-02-20
42747,2017-01-12,enero,2017,1.2017,2017-02-21
42748,2017-01-13,enero,2017,1.2017,2017-02-22
42749,2017-01-14,enero,2017,1.2017,2017-02-23
42750,2017-01-15,enero,2017,1.2017,2017-02-24
42751,2017-01-16,enero,2017,1.2017,2017-02-25
42752,2017-01-17,enero,2017,1.2017,2017-02-26
42753,2017-01-18,enero,2017,1.2017,2017-02-27
42754,2017-01-19,enero,2017,1.2017,2017-02-28
42755,2017-01-20,enero,2017,1.2017,2017-03-01
42756,2017-01-21,enero,2017,1.2017,2017-03-02
42757,2017-01-22,enero,2017,1.2017,2017-03-03
42758,2017-01-23,enero,2017,1.2017,2017-03-04
42759,2017-01-24,enero,2017,1.2017,2017-03-05
42760,2017-01-25,enero,2017,1.2017,2017-03-06
42761,2017-01-26,enero,2017,1.2017,2017-03-07
42762,2017-01-27,enero,2017,1.2017,2017-03-08
42763,2017-01-28,enero,2017,1.2017,2017-03-09
42764,2017-01-29,enero,2017,1.2017,2017-03-10
42765,2017-01-30,enero,2017,1.2017,2017-03-11
42766,2017-01-31,enero,2017,1.2017,2017-03-12
42767,2017-02-01,febrero,2017,2.2017,2017-03-13
42768,2017-02-02,febrero,2017,2.2017,2017-03-14
42769,2017-02-03,febrero,2017,2.2017,2017-03-15
42770,2017-02-04,febrero,2017,2.2017,2017-03-16
42771,2017-02-05,febrero,2017,2.2017,2017-03-17
42772,2017-02-06,febrero,2017,2.2017,2017-03-18
42773,2017-02-07,febrero,2017,2.2017,2017-03-19
42774,2017-02-08,febrero,2017,2.2017,2017-03-20
42775,2017-02-09,febrero,2017,2.2017,2017-03-21
42776,2017-02-10,febrero,2017,2.2017,2017-03-22
42777,2017-02-11,febrero,2017,2.2017,2017-03-23
42778,2017-02-12,febrero,2017,2.2017,2017-03-24
42779,2017-02-13,febrero,2017,2.2017,2017-03-25
42780,2017-02-14,febrero,2017,2.2017,2017-03-26
42781,2017-02-15,febrero,2017,2.2017,2017-03-27
42782,2017-02-16,febrero,2017,2.2017,2017-03-28
42783,2017-02-17,febrero,2017,2.2017,2017-03-29
42784,2017-02-18,febrero,2017,2.2017,2017-03-30
42785,2017-02-19,febrero,2017,2.2017,2017-03-31
42786,2017-02-20,febrero,2017,2.2017,2017-04-01
42787,2017-02-21,febrero,2017,2.2017,2017-04-02
42788,2017-02-22,febrero,2017,2.2017,2017-04-03
42789,2017-02-23,febrero,2017,2.2017,2017-04-04
42790,2017-02-24,febrero,2017,2.2017,2017-04-05
42791,2017-02-25,febrero,2017,2.2017,2017-04-06
42792,2017-02-26,febrero,2017,2.2017,2017-04-07
42793,2017-02-27,febrero,2017,2.2017,2017-04-08
42794,2017-02-28,febrero,2017,2.2017,2017-04-09
42795,2017-03-01,marzo,2017,3.2017,2017-04-10
42796,2017-03-02,marzo,2017,3.2017,2017-04-11
42797,2017-03-03,marzo,2017,3.2017,2017-04-12
42798,2017-03-04,marzo,2017,3.2017,2017-04-13
42799,2017-03-05,marzo,2017,3.2017,2017-04-14
42800,2017-03-06,marzo,2017,3.2017,2017-04-15
42801,2017-03-07,marzo,2017,3.2017,2017-04-16
42802,2017-03-08,marzo,2017,3.2017,2017-04-17
42803,2017-03-09,marzo,2017,3.2017,2017-04-18
42804,2017-03-10,marzo,2017,3.2017,2017-04-19
42805,2017-03-11,marzo,2017,3.2017,2017-04-20
42806,2017-03-12,marzo,2017,3.2017,2017-04-21
42807,2017-03-13,marzo,2017,3.2017,2017-04-22
42808,2017-03-14,marzo,2017,3.2017,2017-04-23
42809,2017-03-15,marzo,2017,3.2017,2017-04-24
42810,2017-03-16,marzo,2017,3.2017,2017-04-25
42811,2017-03-17,marzo,2017,3.2017,2017-04-26
42812,2017-03-18,marzo,2017,3.2017,2017-04-27
42813,2017-03-19,marzo,2017,3.2017,2017-04-28
42814,2017-03-20,marzo,2017,3.2017,2017-04-29
42815,2017-03-21,marzo,2017,3.2017,2017-04-30
42816,2017-03-22,marzo,2017,3.2017,2017-05-01
42817,2017-03-23,marzo,2017,3.2017,2017-05-02
42818,2017-03-24,marzo,2017,3.2017,2017-05-03
42819,2017-03-25,marzo,2017,3.2017,2017-05-04
42820,2017-03-26,marzo,2017,3.2017,2017-05-05
42821,2017-03-27,marzo,2017,3.2017,2017-05-06
42822,2017-03-28,marzo,2017,3.2017,2017-05-07
42823,2017-03-29,marzo,2017,3.2017,2017-05-08
42824,2017-03-30,marzo,2017,3.2017,2017-05-09
42825,2017-03-31,marzo,2017,3.2017,2017-05-10
42826,2017-04-01,abril,2017,4.2017,2017-05-11
42827,2017-04-02,abril,2017,4.2017,2017-05-12
42828,2017-04-03,abril,2017,4.2017,2017-05-13
42829,2017-04-04,abril,2017,4.2017,2017-05-14
42830,2017-04-05,abril,2017,4.2017,2017-05-15
42831,2017-04-06,abril,2017,4.2017,2017-05-16
42832,2017-04-07,abril,2017,4.2017,2017-05-17
42833,2017-04-08,abril,2017,4.2017,2017-05-18
42834,2017-04-09,abril,2017,4.2017,2017-05-19
42835,2017-04-10,abril,2017,4.2017,2017-05-20
42836,2017-04-11,abril,2017,4.2017,2017-05-21
42837,2017-04-12,abril,2017,4.2017,2017-05-22
42838,2017-04-13,abril,2017,4.2017,2017-05-23
42839,2017-04-14,abril,2017,4.2017,2017-05-24
42840,2017-04-15,abril,2017,4.2017,2017-05-25
42841,2017-04-16,abril,2017,4.2017,2017-05-26
42842,2017-04-17,abril,2017,4.2017,2017-05-27
42843,2017-04-18,abril,2017,4.2017,2017-05-28
42844,2017-04-19,abril,2017,4.2017,2017-05-29
42845,2017-04-20,abril,2017,4.2017,2017-05-30
42846,2017-04-21,abril,2017,4.2017,2017-05-31
42847,2017-04-22,abril,2017,4.2017,2017-06-01
42848,2017-04-23,abril,2017,4.2017,2017-06-02
42849,2017-04-24,abril,2017,4.2017,2017-06-03
42850,2017-04-25,abril,2017,4.2017,2017-06-04
42851,2017-04-26,abril,2017,4.2017,2017-06-05
42852,2017-04-27,abril,2017,4.2017,2017-06-06
42853,2017-04-28,abril,2017,4.2017,2017-06-07
42854,2017-04-29,abril,2017,4.2017,2017-06-08
42855,2017-04-30,abril,2017,4.2017,2017-06-09
42856,2017-05-01,mayo,2017,5.2017,2017-06-10
42857,2017-05-02,mayo,2017,5.2017,2017-06-11
42858,2017-05-03,mayo,2017,5.2017,2017-06-12
42859,2017-05-04,mayo,2017,5.2017,2017-06-13
42860,2017-05-05,mayo,2017,5.2017,2017-06-14
42861,2017-05-06,mayo,2017,5.2017,2017-06-15
42862,2017-05-07,mayo,2017,5.2017,2017-06-16
42863,2017-05-08,mayo,2017,5.2017,2017-06-17
42864,2017-05-09,mayo,2017,5.2017,2017-06-18
42865,2017-05-10,mayo,2017,5.2017,2017-06-19
42866,2017-05-11,mayo,2017,5.2017,2017-06-20
42867,2017-05-12,mayo,2017,5.2017,2017-06-21
42868,2017-05-13,mayo,2017,5.2017,2017-06-22
42869,2017-05-14,mayo,2017,5.2017,2017-06-23
42870,2017-05-15,mayo,2017,5.2017,2017-06-24
42871,2017-05-16,mayo,2017,5.2017,2017-06-25
42872,2017-05-17,mayo,2017,5.2017,2017-06-26
42873,2017-05-18,mayo,2017,5.2017,2017-06-27
42874,2017-05-19,mayo,2017,5.2017,2017-06-28
42875,2017-05-20,mayo,2017,5.2017,2017-06-29
42876,2017-05-21,mayo,2017,5.2017,2017-06-30
42877,2017-05-22,mayo,2017,5.2017,2017-07-01
42878,2017-05-23,mayo,2017,5.2017,2017-07-02
42879,2017-05-24,mayo,2017,5.2017,2017-07-03
42880,2017-05-25,mayo,2017,5.2017,2017-07-04
42881,2017-05-26,mayo,2017,5.2017,2017-07-05
42882,2017-05-27,mayo,2017,5.2017,2017-07-06
42883,2017-05-28,mayo,2017,5.2017,2017-07-07
42884,2017-05-29,mayo,2017,5.2017,2017-07-08
42885,2017-05-30,mayo,2017,5.2017,2017-07-09
42886,2017-05-31,mayo,2017,5.2017,2017-07-10
42887,2017-06-01,junio,2017,6.2017,2017-07-11
42888,2017-06-02,junio,2017,6.2017,2017-07-12
42889,2017-06-03,junio,2017,6.2017,2017-07-13
42890,2017-06-04,junio,2017,6.2017,2017-07-14
42891,2017-06-05,junio,2017,6.2017,2017-07-15
42892,2017-06-06,junio,2017,6.2017,2017-07-16
42893,2017-06-07,junio,2017,6.2017,2017-07-17
42894,2017-06-08,junio,2017,6.2017,2017-07-18
42895,2017-06-09,junio,2017,6.2017,2017-07-19
42896,2017-06-10,junio,2017,6.2017,2017-07-20
42897,2017-06-11,junio,2017,6.2017,2017-07-21
42898,2017-06-12,junio,2017,6.2017,2017-07-22
42899,2017-06-13,junio,2017,6.2017,2017-07-23
42900,2017-06-14,junio,2017,6.2017,2017-07-24
42901,2017-06-15,junio,2017,6.2017,2017-07-25
42902,2017-06-16,junio,2017,6.2017,2017-07-26
42903,2017-06-17,junio,2017,6.2017,2017-07-27
42904,2017-06-18,junio,2017,6.2017,2017-07-28
42905,2017-06-19,junio,2017,6.2017,2017-07-29
42906,2017-06-20,junio,2017,6.2017,2017-07-30
42907,2017-06-21,junio,2017,6.2017,2017-07-31
42908,2017-06-22,junio,2017,6.2017,2017-08-01
42909,2017-06-23,junio,2017,6.2017,2017-08-02
42910,2017-06-24,junio,2017,6.2017,2017-08-03
42911,2017-06-25,junio,2017,6.2017,2017-08-04
42912,2017-06-26,junio,2017,6.2017,2017-08-05
42913,2017-06-27,junio,2017,6.2017,2017-08-06
42914,2017-06-28,junio,2017,6.2017,2017-08-07
42915,2017-06-29,junio,2017,6.2017,2017-08-08
42916,2017-06-30,junio,2017,6.2017,2017-08-09
42917,2017-07-01,julio,2017,7.2017,2017-08-10
42918,2017-07-02,julio,2017,7.2017,2017-08-11
42919,2017-07-03,julio,2017,7.2017,2017-08-12
42920,2017-07-04,julio,2017,7.2017,2017-08-13
42921,2017-07-05,julio,2017,7.2017,2017-08-14
42922,2017-07-06,julio,2017,7.2017,2017-08-15
42923,2017-07-07,julio,2017,7.2017,2017-08-16
42924,2017-07-08,julio,2017,7.2017,2017-08-17
42925,2017-07-09,julio,2017,7.2017,2017-08-18
42926,2017-07-10,julio,2017,7.2017,2017-08-19
42927,2017-07-11,julio,2017,7.2017,2017-08-20
42928,2017-07-12,julio,2017,7.2017,2017-08-21
42929,2017-07-13,julio,2017,7.2017,2017-08-22
42930,2017-07-14,julio,2017,7.2017,2017-08-23
42931,2017-07-15,julio,2017,7.2017,2017-08-24
42932,2017-07-16,julio,2017,7.2017,2017-08-25
42933,2017-07-17,julio,2017,7.2017,2017-08-26
42934,2017-07-18,julio,2017,7.2017,2017-08-27
42935,2017-07-19,julio,2017,7.2017,2017-08-28
42936,2017-07-20,julio,2017,7.2017,2017-08-29
42937,2017-07-21,julio,2017,7.2017,2017-08-30
42938,2017-07-22,julio,2017,7.2017,2017-08-31
42939,2017-07-23,julio,2017,7.2017,2017-09-01
42940,2017-07-24,julio,2017,7.2017,2017-09-02
42941,2017-07-25,julio,2017,7.2017,2017-09-03
42942,2017-07-26,julio,2017,7.2017,2017-09-04
42943,2017-07-27,julio,2017,7.2017,2017-09-05
42944,2017-07-28,julio,2017,7.2017,2017-09-06
42945,2017-07-29,julio,2017,7.2017,2017-09-07
42946,2017-07-30,julio,2017,7.2017,2017-09-08
42947,2017-07-31,julio,2017,7.2017,2017-09-09
42948,2017-08-01,agosto,2017,8.2017,2017-09-10
42949,2017-08-02,agosto,2017,8.2017,2017-09-11
42950,2017-08-03,agosto,2017,8.2017,2017-09-12
42951,2017-08-04,agosto,2017,8.2017,2017-09-13
42952,2017-08-05,agosto,2017,8.2017,2017-09-14
42953,2017-08-06,agosto,2017,8.2017,2017-09-15
42954,2017-08-07,agosto,2017,8.2017,2017-09-16
42955,2017-08-08,agosto,2017,8.2017,2017-09-17
42956,2017-08-09,agosto,2017,8.2017,2017-09-18
42957,2017-08-10,agosto,2017,8.2017,2017-09-19
42958,2017-08-11,agosto,2017,8.2017,2017-09-20
42959,2017-08-12,agosto,2017,8.2017,2017-09-21
42960,2017-08-13,agosto,2017,8.2017,2017-09-22
42961,2017-08-14,agosto,2017,8.2017,2017-09-23
42962,2017-08-15,agosto,2017,8.2017,2017-09-24
42963,2017-08-16,agosto,2017,8.2017,2017-09-25
42964,2017-08-17,agosto,2017,8.2017,2017-09-26
42965,2017-08-18,agosto,2017,8.2017,2017-09-27
42966,2017-08-19,agosto,2017,8.2017,2017-09-28
42967,2017-08-20,agosto,2017,8.2017,2017-09-29
42968,2017-08-21,agosto,2017,8.2017,2017-09-30
42969,2017-08-22,agosto,2017,8.2017,2017-10-01
42970,2017-08-23,agosto,2017,8.2017,2017-10-02
42971,2017-08-24,agosto,2017,8.2017,2017-10-03
42972,2017-08-25,agosto,2017,8.2017,2017-10-04
42973,2017-08-26,agosto,2017,8.2017,2017-10-05
42974,2017-08-27,agosto,2017,8.2017,2017-10-06
42975,2017-08-28,agosto,2017,8.2017,2017-10-07
42976,2017-08-29,agosto,2017,8.2017,2017-10-08
42977,2017-08-30,agosto,2017,8.2017,2017-10-09
42978,2017-08-31,agosto,2017,8.2017,2017-10-10
42979,2017-09-01,septiembre,2017,9.2017,2017-10-11
42980,2017-09-02,septiembre,2017,9.2017,2017-10-12
42981,2017-09-03,septiembre,2017,9.2017,2017-10-13
42982,2017-09-04,septiembre,2017,9.2017,2017-10-14
42983,2017-09-05,septiembre,2017,9.2017,2017-10-15
42984,2017-09-06,septiembre,2017,9.2017,2017-10-16
42985,2017-09-07,septiembre,2017,9.2017,2017-10-17
42986,2017-09-08,septiembre,2017,9.2017,2017-10-18
42987,2017-09-09,septiembre,2017,9.2017,2017-10-19
42988,2017-09-10,septiembre,2017,9.2017,2017-10-20
42989,2017-09-11,septiembre,2017,9.2017,2017-10-21
42990,2017-09-12,septiembre,2017,9.2017,2017-10-22
42991,2017-09-13,septiembre,2017,9.2017,2017-10-23
42992,2017-09-14,septiembre,2017,9.2017,2017-10-24
42993,2017-09-15,septiembre,2017,9.2017,2017-10-25
42994,2017-09-16,septiembre,2017,9.2017,2017-10-26
42995,2017-09-17,septiembre,2017,9.2017,2017-10-27
42996,2017-09-18,septiembre,2017,9.2017,2017-10-28
42997,2017-09-19,septiembre,2017,9.2017,2017-10-29
42998,2017-09-20,septiembre,2017,9.2017,2017-10-30
42999,2017-09-21,septiembre,2017,9.2017,2017-10-31
43000,2017-09-22,septiembre,2017,9.2017,2017-11-01
43001,2017-09-23,septiembre,2017,9.2017,2017-11-02
43002,2017-09-24,septiembre,2017,9.2017,2017-11-03
43003,2017-09-25,septiembre,2017,9.2017,2017-11-04
43004,2017-09-26,septiembre,2017,9.2017,2017-11-05
